username,password,makename
WETTERA,963qwe321,Benz C 200
EMANDER,963qwe321,Benz C 200
RTOSEVS,963qwe321,Benz C 200
EDAHLBE,963qwe321,Benz C 200
KRAFTM1,963qwe321,Benz C 200
REGNAIR,963qwe321,Benz C 200
AFLYMAN,963qwe321,Benz C 200
DSJOEST,963qwe321,Benz C 200
HMATTIS,963qwe321,Benz C 200
JDUFVEN,963qwe321,Benz C 200
D5KALLTO,963qwe321,Benz C 200
D5JMIKAE,963qwe321,Benz C 200
D5LHAELL,963qwe321,Benz C 200
FJOENSS,963qwe321,Benz C 200
CJAENSS,963qwe321,Benz C 200
FDAHLQV,963qwe321,Benz C 200
OAXELSS,963qwe321,Benz C 200
D5TOWEST,963qwe321,Benz C 200
D5RSPINO,963qwe321,Benz C 200
D5KVILFO,963qwe321,Benz C 200
D5KELAND,963qwe321,Benz C 200
D5JOBENN,963qwe321,Benz C 200
D5ROGBAR,963qwe321,Benz C 200
D5VHORTL,963qwe321,Benz C 200
D5TOBJOH,963qwe321,Benz C 200
D5BNILSS,963qwe321,Benz C 200
D5CLAESF,963qwe321,Benz C 200
D5VIKALF,963qwe321,Benz C 200
D5PSAMIE,963qwe321,Benz C 200
D5JOHNLA,963qwe321,Benz C 200
D5PERSSH,963qwe321,Benz C 200
D5TEJOHA,963qwe321,Benz C 200
D5LINDGM,963qwe321,Benz C 200
D5JOAJON,963qwe321,Benz C 200
D5SEOLIN,963qwe321,Benz C 200
D5BJOEJO,963qwe321,Benz C 200
D5MARCUC,963qwe321,Benz C 200
D5JHAERE,963qwe321,Benz C 200
D5MYUECE,963qwe321,Benz C 200
D5HGISSE,963qwe321,Benz C 200
D5JVIKST,963qwe321,Benz C 200
D5PNORMA,963qwe321,Benz C 200
D5ACAGAT,963qwe321,Benz C 200
D5JOHBER,963qwe321,Benz C 200
D5PETTEG,963qwe321,Benz C 200
D5JROSEN,963qwe321,Benz C 200
D5ENGSTE,963qwe321,Benz C 200
D5FMAKSI,963qwe321,Benz C 200
D5MSKOGL,963qwe321,Benz C 200
D5AHJERP,963qwe321,Benz C 200
D5CLINDO,963qwe321,Benz C 200
D5JEDERL,963qwe321,Benz C 200
D5HNODFO,963qwe321,Benz C 200
D5EWAHLA,963qwe321,Benz C 200
D5ANLIND,963qwe321,Benz C 200
D5MLARS1,963qwe321,Benz C 200
D5MATLAR,963qwe321,Benz C 200
D5GUSTLE,963qwe321,Benz C 200
D5MAYTEK,963qwe321,Benz C 200
D5BAHAJR,963qwe321,Benz C 200
D5YKOYUN,963qwe321,Benz C 200
D5ABAYEM,963qwe321,Benz C 200
D5CETINF,963qwe321,Benz C 200
D5PAJOHA,963qwe321,Benz C 200
D5PEBENG,963qwe321,Benz C 200
D5MAHKAR,963qwe321,Benz C 200
D5BERNSO,963qwe321,Benz C 200
D5CARONS,963qwe321,Benz C 200
D5VKAELL,963qwe321,Benz C 200
D5JABDUL,963qwe321,Benz C 200
D5TOANDE,963qwe321,Benz C 200
D5LALIMO,963qwe321,Benz C 200
D5JONLUN,963qwe321,Benz C 200
D5HOFLIE,963qwe321,Benz C 200
D5FJENGA,963qwe321,Benz C 200
D5SMUCIC,963qwe321,Benz C 200
D5HSACIC,963qwe321,Benz C 200
D5DKREHA,963qwe321,Benz C 200
D5LMINNA,963qwe321,Benz C 200
D5DRAMTZ,963qwe321,Benz C 200
D5MEKENB,963qwe321,Benz C 200
D5HOEHRN,963qwe321,Benz C 200
D5RTARNE,963qwe321,Benz C 200
D5RLINDH,963qwe321,Benz C 200
D5MAZREB,963qwe321,Benz C 200
D5DKADIR,963qwe321,Benz C 200
D5ALEAN2,963qwe321,Benz C 200
D5PDANIE,963qwe321,Benz C 200
D5JBEHLI,963qwe321,Benz C 200
D5MSALWE,963qwe321,Benz C 200
D5ANGYLL,963qwe321,Benz C 200
D5TMOELL,963qwe321,Benz C 200
D5MKELME,963qwe321,Benz C 200
D5JLETTE,963qwe321,Benz C 200
D5AEKBLA,963qwe321,Benz C 200
D5CSVENS,963qwe321,Benz C 200
D5VBERGL,963qwe321,Benz C 200
D5JAPPEL,963qwe321,Benz C 200
D5JOHELL,963qwe321,Benz C 200
D5ATHORS,963qwe321,Benz C 200
D5JACAND,963qwe321,Benz C 200
D5SGRANS,963qwe321,Benz C 200
D5YACOUR,963qwe321,Benz C 200
D5EMMASK,963qwe321,Benz C 200
D5ADAASK,963qwe321,Benz C 200
D5TSILFV,963qwe321,Benz C 200
LARSSMA,963qwe321,Benz C 200
KARLSSE,963qwe321,Benz C 200
BSIBENI,963qwe321,Benz C 200
BJOELIN,963qwe321,Benz C 200
JKEINVA,963qwe321,Benz C 200
MARNILS,963qwe321,Benz C 200
D5GUMALM,963qwe321,Benz C 200
D5HAGENJ,963qwe321,Benz C 200